condition_a,condition_b,pass_a_majority,pass_b_majority,delta_pp_majority,mcnemar_p,significant_bonferroni
P1,B0,0.76,0.5466666666666666,21.3,1.0580771204088795e-07,True
P2,B0,0.7533333333333333,0.5466666666666666,20.7,8.140458015277855e-07,True
P3,B0,0.7866666666666666,0.5466666666666666,24.0,5.433087474176234e-09,True
P5,B0,0.74,0.5466666666666666,19.3,4.931769268078334e-07,True
P4,B0,0.6933333333333334,0.5466666666666666,14.7,7.228793882618061e-05,True
P3,P1,0.7866666666666666,0.76,2.7,0.13361440253771584,False
P3,P2,0.7866666666666666,0.7533333333333333,3.3,0.1305700181157369,False
P3,P5,0.7866666666666666,0.74,4.7,0.02334220201289086,False
P4,P1,0.6933333333333334,0.76,-6.7,0.004426525857919834,False
P4,P3,0.6933333333333334,0.7866666666666666,-9.3,0.0005120045221899044,True
B1,B0,0.6066666666666667,0.5466666666666666,6.0,0.026500280602491884,False
P5,P1,0.74,0.76,-2.0,0.37109336952269756,False
P5,P2,0.74,0.7533333333333333,-1.3,0.7236736098317629,False
